country,region_id,authority_id,auth_name_e,old_park_id,new_park_id,park_offical_id
England,E12000002,E08000005,Rochdale,ROCHD_bbaa8bdc5b1f,ef7c55c97c0d,ROCHD_0
England,E12000002,E08000005,Rochdale,ROCHD_d4db6cb73bce;ROCHD_2021f76256e2,9d8d4f287d92,ROCHD_1
England,E12000002,E08000005,Rochdale,ROCHD_10e740cb068e,a834cb4b6a21,ROCHD_2
England,E12000002,E08000005,Rochdale,ROCHD_e92290e63253;ROCHD_77d9af1d8305,bf933f22b1c1,ROCHD_3
England,E12000002,E08000005,Rochdale,ROCHD_b6203c54aa44,c32be2ce9b95,ROCHD_4
England,E12000002,E08000005,Rochdale,ROCHD_542386d81196;ROCHD_56d775652411,ce624ff2b91d,ROCHD_5
England,E12000002,E08000005,Rochdale,ROCHD_b790e497a9b5,bb0b8af6e889,ROCHD_6
England,E12000002,E08000005,Rochdale,ROCHD_f850f121eb4e;ROCHD_70de7c0921cb,fd7a10382288,ROCHD_7
England,E12000002,E08000005,Rochdale,ROCHD_9b9fa39eb837,27ed898f26e8,ROCHD_8
England,E12000002,E08000005,Rochdale,ROCHD_8df967c24cfd,19f49bb8fcdb,ROCHD_9
England,E12000002,E08000005,Rochdale,ROCHD_78d3e120a330;ROCHD_abb33f01641a,7ffc80860f81,ROCHD_10
England,E12000002,E08000005,Rochdale,ROCHD_621a42c9aa47,55d1e4d2eba8,ROCHD_11
England,E12000002,E08000005,Rochdale,ROCHD_1102c1d0f6f7,a3ad8e16a6f8,ROCHD_12
England,E12000002,E08000005,Rochdale,ROCHD_8396f844ca9c;ROCHD_4a280fe17b45,9cc424aabac5,ROCHD_13
England,E12000002,E08000005,Rochdale,ROCHD_2e7fb7bd3c0f,b174f2172a8e,ROCHD_14
England,E12000002,E08000005,Rochdale,ROCHD_624194cba0a6,bb5b078eacd2,ROCHD_15
England,E12000002,E08000005,Rochdale,ROCHD_28883e5ff295;ROCHD_35f0b9d7630a,a1a377d222cc,ROCHD_16
England,E12000002,E08000005,Rochdale,ROCHD_ce492b895da1,7bb047e8180c,ROCHD_17
England,E12000002,E08000005,Rochdale,ROCHD_5eca49d3a26b,8581f1536d31,ROCHD_18
England,E12000002,E08000005,Rochdale,ROCHD_58f6d098473e,991c5e9deee8,ROCHD_19
England,E12000002,E08000005,Rochdale,ROCHD_1516643012e5,2ef6d7ea9872,ROCHD_20
England,E12000002,E08000005,Rochdale,ROCHD_20ef5b7a9ca6;ROCHD_b34f45a363d8,00105e12699b,ROCHD_21
England,E12000002,E08000005,Rochdale,ROCHD_c544f503ab0b;ROCHD_06fab8fb4af1,2f5ad46654c8,ROCHD_22
England,E12000002,E08000005,Rochdale,ROCHD_1a8ec6c5d3c0,ae1108ca60b4,ROCHD_23
England,E12000002,E08000005,Rochdale,ROCHD_4c8d6f9df056,1f7816d2b09e,ROCHD_24
England,E12000002,E08000005,Rochdale,ROCHD_a036b947dbd4;ROCHD_fe20e7f0122f,b5eaadc84f45,ROCHD_25
England,E12000002,E08000005,Rochdale,ROCHD_dd34f4ae6dc7;ROCHD_123db12f0537;ROCHD_1e8b5bfc5329;ROCHD_0eedb93dcb40;ROCHD_a35138a10af0;ROCHD_a03eb0f9f1dd,8209084bffc4,ROCHD_26
England,E12000002,E08000005,Rochdale,ROCHD_3a367d68126b,2a37e0016c95,ROCHD_27
England,E12000002,E08000005,Rochdale,ROCHD_f97b57def995,29b6c25196ca,ROCHD_28
England,E12000002,E08000005,Rochdale,ROCHD_79fc53a4b4a0;ROCHD_e5287ea3d01f;ROCHD_76109172ace4,5660d06d0d57,ROCHD_29
England,E12000002,E08000005,Rochdale,ROCHD_b56010fda59e;ROCHD_b685708b3402,4bcb5dcf64b8,ROCHD_30
England,E12000002,E08000005,Rochdale,ROCHD_4726f21d5cd8;ROCHD_eeaea9d62e08,a6b5efd52443,ROCHD_31
England,E12000002,E08000005,Rochdale,ROCHD_b5fc7bb68c29;ROCHD_7458687aac53,213589ca30df,ROCHD_32
England,E12000002,E08000005,Rochdale,ROCHD_9955c4b190f7;ROCHD_c4b6fbbed62e,1093c6a4e824,ROCHD_33
England,E12000002,E08000005,Rochdale,ROCHD_b5cbdf71a001,c31b9116dcfa,ROCHD_34
England,E12000002,E08000005,Rochdale,ROCHD_fb1bd91f0dbe,072545eb424e,ROCHD_35
England,E12000002,E08000005,Rochdale,ROCHD_e81ba125d588;ROCHD_076622182821,2f99d154bcff,ROCHD_36
England,E12000002,E08000005,Rochdale,ROCHD_d929f8b1fc86;ROCHD_abdf829b6a4e;ROCHD_723a6a0aeead,75d7e3f11cd3,ROCHD_37
England,E12000002,E08000005,Rochdale,ROCHD_be195e41b452;ROCHD_9c6650fc7f86,b5ca9d9e45a7,ROCHD_38
England,E12000002,E08000005,Rochdale,ROCHD_a696859bd1f4,d57292fc0b8b,ROCHD_39
England,E12000002,E08000005,Rochdale,ROCHD_0a00a40c0853;ROCHD_f5f838ff18fb,dfd08a751fb9,ROCHD_40
England,E12000002,E08000005,Rochdale,ROCHD_ede92873e372;ROCHD_e3149d8efa2a,704b1c6a12fc,ROCHD_41
England,E12000002,E08000005,Rochdale,ROCHD_d990db8e175d;ROCHD_029ff95f3f05,23cb64b0ca7a,ROCHD_42
England,E12000002,E08000005,Rochdale,ROCHD_06874c3e5c52,89990cb02812,ROCHD_43
England,E12000002,E08000005,Rochdale,ROCHD_69f09d384b6f,adfb896dae01,ROCHD_44
England,E12000002,E08000005,Rochdale,ROCHD_215f6e0687e0;ROCHD_1ebe1532efeb,22e00d576f93,ROCHD_45
England,E12000002,E08000005,Rochdale,ROCHD_9990e1e8905e,281d5acb3ca1,ROCHD_46
England,E12000002,E08000005,Rochdale,ROCHD_3566b58def51,4d4c161c1a01,ROCHD_47
England,E12000002,E08000005,Rochdale,ROCHD_18f87f9c7a49;ROCHD_23ef07080780,22b009223efd,ROCHD_48
England,E12000002,E08000005,Rochdale,ROCHD_b3d45cde3447,60fadfb0d614,ROCHD_49
England,E12000002,E08000005,Rochdale,ROCHD_c8667d2c85c3;ROCHD_980b215293d6,73e72e41e6a7,ROCHD_50
England,E12000002,E08000005,Rochdale,ROCHD_6af68714b097,5c8df3845c25,ROCHD_51
England,E12000002,E08000005,Rochdale,ROCHD_5f54e3502dbb,1793d4c8f4c7,ROCHD_52
England,E12000002,E08000005,Rochdale,ROCHD_d31dc2e2f5a6,8113cfe834c1,ROCHD_53
England,E12000002,E08000005,Rochdale,ROCHD_de3a2b30938c,01a5b7a1e506,ROCHD_54
England,E12000002,E08000005,Rochdale,ROCHD_2b4a01d2c1fd;ROCHD_0f322f6c2d65,cd28f12d6fda,ROCHD_55
England,E12000002,E08000005,Rochdale,ROCHD_bdd884bfc2d3,ae3713f44129,ROCHD_56
England,E12000002,E08000005,Rochdale,ROCHD_cf4bf1f4dc47;ROCHD_13434cd7037d,b4b19d94007b,ROCHD_57
England,E12000002,E08000005,Rochdale,ROCHD_61377fa43252;ROCHD_f8b7cce5c657,db9bc5c26376,ROCHD_58
England,E12000002,E08000005,Rochdale,ROCHD_9f409e0582d2,b2e39464c738,ROCHD_59
England,E12000002,E08000005,Rochdale,ROCHD_33804441964d,ec7c727facd4,ROCHD_60
England,E12000002,E08000005,Rochdale,ROCHD_f67d942ad89b,37b338676180,ROCHD_61
England,E12000002,E08000005,Rochdale,ROCHD_d328fef07bfe,5e8b99234e6f,ROCHD_62
England,E12000002,E08000005,Rochdale,ROCHD_f2f2ff40400f,2425b90953dc,ROCHD_63
England,E12000002,E08000005,Rochdale,ROCHD_0acbd65ce009,45ebad09e25b,ROCHD_64
England,E12000002,E08000005,Rochdale,ROCHD_87c5adeba90f,15adc5102557,ROCHD_65
England,E12000002,E08000005,Rochdale,ROCHD_ded854d4fa53,c764a895ae5e,ROCHD_66
England,E12000002,E08000005,Rochdale,ROCHD_3941e75ffde6,2b9057487ba7,ROCHD_67
England,E12000002,E08000005,Rochdale,ROCHD_279447dbb090,169c6f3f7fef,ROCHD_68
England,E12000002,E08000005,Rochdale,ROCHD_0c5c0a1ba095,88f1e4c78e70,ROCHD_69
England,E12000002,E08000005,Rochdale,ROCHD_05fbb79e60e4,accaa7d38fe2,ROCHD_70
England,E12000002,E08000005,Rochdale,ROCHD_6ddc6299b306,616ddb2c539b,ROCHD_71
England,E12000002,E08000005,Rochdale,ROCHD_2c7d47237e9f,c462825b13ba,ROCHD_72
England,E12000002,E08000005,Rochdale,ROCHD_21e933942244,ed8a443ca519,ROCHD_73
England,E12000002,E08000005,Rochdale,ROCHD_569f332b63d4,fbe802adda8c,ROCHD_74
England,E12000002,E08000005,Rochdale,ROCHD_79a602a0b6cf,089468eb2444,ROCHD_75
England,E12000002,E08000005,Rochdale,ROCHD_1cfebad96794,d8a318e130f7,ROCHD_76
England,E12000002,E08000005,Rochdale,ROCHD_693d77f7426b,aeeb2ad95178,ROCHD_77
England,E12000002,E08000005,Rochdale,ROCHD_79dbf829c548,312c8adf82f3,ROCHD_78
England,E12000002,E08000005,Rochdale,ROCHD_c543f5d1074d,088aca64066e,ROCHD_79
England,E12000002,E08000005,Rochdale,ROCHD_ab9152e524f0,533714b761c1,ROCHD_80
England,E12000002,E08000005,Rochdale,ROCHD_d4d46ac97677,4f9f3220dc5a,ROCHD_81
England,E12000002,E08000005,Rochdale,ROCHD_8cb8b163413b,3708dd472fcf,ROCHD_82
England,E12000002,E08000005,Rochdale,ROCHD_2a7e9279a7f1,3ca2dc1f8602,ROCHD_83
England,E12000002,E08000005,Rochdale,ROCHD_568abcc06e76,bc7a1aa3b268,ROCHD_84
England,E12000002,E08000005,Rochdale,ROCHD_5f21c06a7f3a,73d1b385e0ed,ROCHD_85
England,E12000002,E08000005,Rochdale,ROCHD_8e98e006227e,4aae93bf3529,ROCHD_86
England,E12000002,E08000005,Rochdale,ROCHD_f61ad5477c5a,9cb2c128a8d0,ROCHD_87
England,E12000002,E08000005,Rochdale,ROCHD_c25e402a8ed1,4010351b0568,ROCHD_88
England,E12000002,E08000005,Rochdale,ROCHD_021b4b7a441a,3c1299f63bad,ROCHD_89
England,E12000002,E08000005,Rochdale,ROCHD_4ba69f6cd2b6,065764e717fd,ROCHD_90
England,E12000002,E08000005,Rochdale,ROCHD_d59cf5e9ba1c,31f85c89eda9,ROCHD_91
England,E12000002,E08000005,Rochdale,ROCHD_f4c1cd37ccc9,860188ad4ace,ROCHD_92
England,E12000002,E08000005,Rochdale,ROCHD_01b3c9feb21a,395eda52ca84,ROCHD_93
England,E12000002,E08000005,Rochdale,ROCHD_aaa04a09fb4c,86c183a541e7,ROCHD_94
England,E12000002,E08000005,Rochdale,ROCHD_f73e24ca22d7,e28cdc13641b,ROCHD_95
England,E12000002,E08000005,Rochdale,ROCHD_da7c8e539722,c2b0fd71cb65,ROCHD_96
England,E12000002,E08000005,Rochdale,ROCHD_f18960d31a3f,199d8ef2a7c5,ROCHD_97
England,E12000002,E08000005,Rochdale,ROCHD_665677427244,b86230edf810,ROCHD_98
England,E12000002,E08000005,Rochdale,ROCHD_56e8ba4e339a,8c43d75df67d,ROCHD_99
England,E12000002,E08000005,Rochdale,ROCHD_dbb89b5e384f,16c16329b877,ROCHD_100
England,E12000002,E08000005,Rochdale,ROCHD_32dec94a893e,64cd388b322c,ROCHD_101
England,E12000002,E08000005,Rochdale,ROCHD_4ed82c19254c,e8e658f79cc8,ROCHD_102
England,E12000002,E08000005,Rochdale,ROCHD_97385228c1c4,25bbf36b6c35,ROCHD_103
England,E12000002,E08000005,Rochdale,ROCHD_12ff7ab65665,66a5f6ce156e,ROCHD_104
England,E12000002,E08000005,Rochdale,ROCHD_ae60b48b6cea,530bcd2b2ab0,ROCHD_105
England,E12000002,E08000005,Rochdale,ROCHD_662141bf51b5,b0f42a44a5e3,ROCHD_106
England,E12000002,E08000005,Rochdale,ROCHD_880e799fc816,a2ebfdabc588,ROCHD_107
England,E12000002,E08000005,Rochdale,ROCHD_6cc04b1dce2d,4cd7135efeea,ROCHD_108
England,E12000002,E08000005,Rochdale,ROCHD_fa319dc0db4f,61adba553803,ROCHD_109
England,E12000002,E08000005,Rochdale,ROCHD_a603a013d574,40239530da69,ROCHD_110
England,E12000002,E08000005,Rochdale,ROCHD_8fa2d2bb76af,14607a3b02f4,ROCHD_111
England,E12000002,E08000005,Rochdale,ROCHD_9c740a3a9399,6295d3b9f68a,ROCHD_112
England,E12000002,E08000005,Rochdale,ROCHD_85c73f08f020,32c4f6229b84,ROCHD_113
England,E12000002,E08000005,Rochdale,ROCHD_445a2c70c667,c4b33b690b36,ROCHD_114
England,E12000002,E08000005,Rochdale,ROCHD_1e0457356178,19a552cf1ab7,ROCHD_115
England,E12000002,E08000005,Rochdale,ROCHD_870523100983,eb66b82629bb,ROCHD_116
England,E12000002,E08000005,Rochdale,ROCHD_c63a81e09edd,e8be8d10128d,ROCHD_117
England,E12000002,E08000005,Rochdale,ROCHD_30914226a2b7,c3536520fd35,ROCHD_118
England,E12000002,E08000005,Rochdale,ROCHD_4fe40efbc523,f43d77b984e8,ROCHD_119
England,E12000002,E08000005,Rochdale,ROCHD_90e01f197b28,08a30335efb4,ROCHD_120
England,E12000002,E08000005,Rochdale,ROCHD_c36c92fed6b2,a82c6414c7d6,ROCHD_121
England,E12000002,E08000005,Rochdale,ROCHD_b2657d3ae86c,e76a48b19f03,ROCHD_122
England,E12000002,E08000005,Rochdale,ROCHD_82d82bd50b76,5c85861c3979,ROCHD_123
England,E12000002,E08000005,Rochdale,ROCHD_481faee6a4de,2ee02c0462bd,ROCHD_124
England,E12000002,E08000005,Rochdale,ROCHD_3c2bd268683a,641e0048593e,ROCHD_125
England,E12000002,E08000005,Rochdale,ROCHD_ea13312ce3f8,a79c28971144,ROCHD_126
England,E12000002,E08000005,Rochdale,ROCHD_8055e37c7b52,b570d470a9e1,ROCHD_127
England,E12000002,E08000005,Rochdale,ROCHD_79ade0573ddf,e697d8f3f58b,ROCHD_128
England,E12000002,E08000005,Rochdale,ROCHD_b794ef93547a,7f66fcbaf97e,ROCHD_129
England,E12000002,E08000005,Rochdale,ROCHD_39dcf299ab37,6895cb230cf6,ROCHD_130
England,E12000002,E08000005,Rochdale,ROCHD_a2955c1dc576,ca7db4c6a8db,ROCHD_131
England,E12000002,E08000005,Rochdale,ROCHD_443f895d6170,3df48ac53c21,ROCHD_132
England,E12000002,E08000005,Rochdale,ROCHD_7fc78189df68,9baa67c02b98,ROCHD_133
England,E12000002,E08000005,Rochdale,ROCHD_03e268350573,59eac584864d,ROCHD_134
England,E12000002,E08000005,Rochdale,ROCHD_5f6ad07bc22c,0fe25fc8ad65,ROCHD_135
England,E12000002,E08000005,Rochdale,ROCHD_9c14470efcef,299fcd62b5c2,ROCHD_136
England,E12000002,E08000005,Rochdale,ROCHD_23613027e25a,b0cd12cb7f8c,ROCHD_137
England,E12000002,E08000005,Rochdale,ROCHD_2c02302b33dc,faf8f4e78b9d,ROCHD_138
England,E12000002,E08000005,Rochdale,ROCHD_89fec1a47cde,01c4388ef2e3,ROCHD_139
England,E12000002,E08000005,Rochdale,ROCHD_0be4a29b7c7d,2f8abf3784bc,ROCHD_140
England,E12000002,E08000005,Rochdale,ROCHD_a88703a69e50,21d6b77cc519,ROCHD_141
England,E12000002,E08000005,Rochdale,ROCHD_e2da01d1bf28,b87fe96d13a6,ROCHD_142
England,E12000002,E08000005,Rochdale,ROCHD_a6bd2e2fb119,41d16daa8240,ROCHD_143
England,E12000002,E08000005,Rochdale,ROCHD_cdb1095d38a7,b3686f2f1064,ROCHD_144
England,E12000002,E08000005,Rochdale,ROCHD_fa1761b3fa73,aeb6451948d4,ROCHD_145
England,E12000002,E08000005,Rochdale,ROCHD_04a42eb7be30,6cc287fc4053,ROCHD_146
England,E12000002,E08000005,Rochdale,ROCHD_4eeecf79666a,f8c388514f7a,ROCHD_147
England,E12000002,E08000005,Rochdale,ROCHD_8d7964e88542,9d0f01bc00fd,ROCHD_148
England,E12000002,E08000005,Rochdale,ROCHD_a37f219e9a39,f4ea552307bf,ROCHD_149
England,E12000002,E08000005,Rochdale,ROCHD_73b7d260f3c8,e36d694ab419,ROCHD_150
England,E12000002,E08000005,Rochdale,ROCHD_6ae623f1a8ed,b4cfdc838d0f,ROCHD_151
England,E12000002,E08000005,Rochdale,ROCHD_46544591e0e9,fc180e3a6c0e,ROCHD_152
England,E12000002,E08000005,Rochdale,ROCHD_257f768835c0,255fb4d47e44,ROCHD_153
England,E12000002,E08000005,Rochdale,ROCHD_f27958476443,8ccdd2e04743,ROCHD_154
England,E12000002,E08000005,Rochdale,ROCHD_4010df66ca9f,d06d4f6b15c7,ROCHD_155
England,E12000002,E08000005,Rochdale,ROCHD_79ab156b18a9,6c89790be852,ROCHD_156
England,E12000002,E08000005,Rochdale,ROCHD_afdd2aac18d0,cf85e35c53ca,ROCHD_157
England,E12000002,E08000005,Rochdale,ROCHD_fba362bcb525,625175e61581,ROCHD_158
England,E12000002,E08000005,Rochdale,ROCHD_f37e872247ad,395c353ac816,ROCHD_159
England,E12000002,E08000005,Rochdale,ROCHD_26bd505205c9,f38df783d84d,ROCHD_160
England,E12000002,E08000005,Rochdale,ROCHD_c6d224644da9,864503a0543a,ROCHD_161
England,E12000002,E08000005,Rochdale,ROCHD_852ad5d6b1c0,7ec1b1847224,ROCHD_162
England,E12000002,E08000005,Rochdale,ROCHD_cc6aab140f36,6c14e361c160,ROCHD_163
England,E12000002,E08000005,Rochdale,ROCHD_ddb6df77fd2a,0c2f1d100ac5,ROCHD_164
England,E12000002,E08000005,Rochdale,ROCHD_ebcccad6c2b9,e34129eb181e,ROCHD_165
England,E12000002,E08000005,Rochdale,ROCHD_4cb246d2524a,e5d95bb93b00,ROCHD_166
England,E12000002,E08000005,Rochdale,ROCHD_397899537742,4261f9fbb35f,ROCHD_167
England,E12000002,E08000005,Rochdale,ROCHD_bf1d1f269e0f,4f930da6450d,ROCHD_168
England,E12000002,E08000005,Rochdale,ROCHD_9dafbb572876,53f07ab5242c,ROCHD_169
England,E12000002,E08000005,Rochdale,ROCHD_8c5a2fab929c,32a17a32d1f8,ROCHD_170
England,E12000002,E08000005,Rochdale,ROCHD_d4cfb145b17e,b84f5b742a28,ROCHD_171
England,E12000002,E08000005,Rochdale,ROCHD_244180644773,36a68986d728,ROCHD_172
England,E12000002,E08000005,Rochdale,ROCHD_e0cc131b5f25,ef7f109302cd,ROCHD_173
England,E12000002,E08000005,Rochdale,ROCHD_2abec6c57eaa,0661f7f356a6,ROCHD_174
England,E12000002,E08000005,Rochdale,ROCHD_abeef541db27,99118b9ba835,ROCHD_175
England,E12000002,E08000005,Rochdale,ROCHD_b92fb9a5faae,05f99a624622,ROCHD_176
England,E12000002,E08000005,Rochdale,ROCHD_98c2f175a6a8,ac5256925bda,ROCHD_177
England,E12000002,E08000005,Rochdale,ROCHD_c23ba5b67091,a3f4bc62eba5,ROCHD_178
England,E12000002,E08000005,Rochdale,ROCHD_baaa40991987,d8175ea49acc,ROCHD_179
England,E12000002,E08000005,Rochdale,ROCHD_e3076cedd855,54093d86f633,ROCHD_180
England,E12000002,E08000005,Rochdale,ROCHD_edce1f23d9f0,611908a46870,ROCHD_181
England,E12000002,E08000005,Rochdale,ROCHD_91b50d6542cf,1231abfa29f0,ROCHD_182
England,E12000002,E08000005,Rochdale,ROCHD_171d52752f7a,d63cfcd21e20,ROCHD_183
England,E12000002,E08000005,Rochdale,ROCHD_c31b0f82c008,51196107cc05,ROCHD_184
England,E12000002,E08000005,Rochdale,ROCHD_1e0491d9df2b,2519365ddeb2,ROCHD_185
England,E12000002,E08000005,Rochdale,ROCHD_4265dc7999ff,fb984b1b3cfd,ROCHD_186
England,E12000002,E08000005,Rochdale,ROCHD_9b7c237270ae,5e80db47222f,ROCHD_187
England,E12000002,E08000005,Rochdale,ROCHD_82d298978140,51e62169b1bf,ROCHD_188
England,E12000002,E08000005,Rochdale,ROCHD_3046f9ec0d10,02c7f006e53b,ROCHD_189
England,E12000002,E08000005,Rochdale,ROCHD_fd5da7d9b054,3976186e11fa,ROCHD_190
England,E12000002,E08000005,Rochdale,ROCHD_e2aeb7641d58,24531155f810,ROCHD_191
England,E12000002,E08000005,Rochdale,ROCHD_13f32b42b83b,f4aa0aac6b65,ROCHD_192
England,E12000002,E08000005,Rochdale,ROCHD_759295fd2884,945e3d083b8b,ROCHD_193
England,E12000002,E08000005,Rochdale,ROCHD_739cb6efcee1,c75d2526809c,ROCHD_194
England,E12000002,E08000005,Rochdale,ROCHD_01fc3e5bfc52,ab9a59f0f133,ROCHD_195
England,E12000002,E08000005,Rochdale,ROCHD_2b7c31dfe1ba,a61596539bd7,ROCHD_196
England,E12000002,E08000005,Rochdale,ROCHD_d4b545e96dda,3fa9a48cdb3c,ROCHD_197
England,E12000002,E08000005,Rochdale,ROCHD_5633d93abfc0,2c118d26e96d,ROCHD_198
England,E12000002,E08000005,Rochdale,ROCHD_9dc13027c462,6e65b35b9507,ROCHD_199
